h1,h2,h3
1,1,00
2,1,00
3,2,00
4,1,00
5,1,00
6,2,00
7,1,00
8,1,00
9,2,00
10,1,00
11,1,00
12,113,00
13,175,00
14,339,00
15,226,00
16,339,00
17,341,00
18,228,00
19,115,00
20,113,00
21,175,00
22,139,00
23,184,00
24,339,00
25,226,00
26,9379,00
27,13560,00
28,13334,00
29,20001,00
30,21583,00
31,15142,00
32,12882,00
33,16159,00
34,15820,00
35,14916,00
36,15029,00
37,16159,00
38,19436,00
39,17515,00
40,16724,00
41,18532,00
42,17854,00
43,17402,00
44,17402,00
45,15142,00
46,18645,00
47,16724,00
48,17289,00
49,18984,00
50,18758,00
51,18984,00
52,18645,00
53,16159,00
54,18871,00
55,18871,00
56,18080,00
57,18532,00
58,19662,00
59,21244,00
60,21131,00
61,20792,00
62,20905,00
63,20566,00
64,20453,00
65,20905,00
66,21131,00
67,18871,00
68,21244,00
69,9988,00
70,14690,00
71,13108,00
72,13334,00
73,13221,00
74,12995,00
75,13221,00
76,13673,00
77,18419,00
78,18193,00
79,18306,00
80,17854,00
81,16724,00
82,18645,00
83,20227,00
84,17967,00
85,17967,00
86,18758,00
87,18419,00
88,19662,00
89,20114,00
90,17628,00
91,18193,00
92,18645,00
93,18758,00
94,18419,00
95,16272,00
96,19210,00
97,17967,00
98,18193,00
99,19210,00
100,18871,00
101,17967,00
102,18758,00
103,20453,00
104,9380,00
105,13447,00
106,15255,00
107,15707,00
108,13560,00
109,11526,00
110,13673,00
111,13334,00
112,18984,00
113,19662,00
114,18419,00
115,20227,00
116,18080,00
117,18871,00
118,17628,00
119,18645,00
120,18984,00
121,19549,00
122,20340,00
123,16498,00
124,18758,00
125,17967,00
126,19436,00
127,17515,00
128,18306,00
129,17289,00
130,20453,00
131,21696,00
132,21018,00
133,20679,00
134,21696,00
135,20566,00
136,20227,00
137,18871,00
138,20566,00
139,19888,00
140,13560,00
141,13899,00
142,13560,00
143,12317,00
144,13673,00
145,12656,00
146,12091,00
147,18193,00
148,18080,00
149,18984,00
150,16950,00
151,16385,00
152,17402,00
153,17402,00
154,17515,00
155,17967,00
156,17515,00
157,18193,00
158,18758,00
159,18532,00
160,19775,00
161,17628,00
162,17628,00
163,17402,00
164,17628,00
165,16724,00
166,18871,00
167,18984,00
168,19323,00
169,21018,00
170,18871,00
171,18306,00
172,19436,00
173,20340,00
174,20679,00
175,20340,00
176,19549,00
177,19662,00
178,13899,00
179,14690,00
180,8249,00
181,6441,00
182,6102,00
183,6780,00
184,5311,00
185,11978,00
186,12656,00
187,11639,00
188,8588,00
189,14238,00
190,13447,00
191,10735,00
192,15142,00
193,11300,00
194,9266,00
195,19775,00
196,18532,00
197,15933,00
198,15820,00
199,16498,00
200,13560,00
201,11865,00
202,15820,00
203,15368,00
204,14916,00
205,15481,00
206,13447,00
207,16272,00
208,15594,00
209,17176,00
210,11526,00
211,14577,00
212,16272,00
213,16498,00
214,17628,00
215,17289,00
216,16159,00
217,10622,00
218,16950,00
219,17063,00
220,14125,00
221,9605,00
222,15933,00
223,15142,00
224,11074,00
225,16159,00
226,15481,00
227,17063,00
228,17402,00
229,19549,00
230,18306,00
231,19323,00
232,17628,00
233,19436,00
234,18532,00
235,14230,00
236,20201,00
237,17628,00
238,13841,00
239,13334,00
240,20284,00
241,14125,00
242,21583,00
243,6893,00
244,14238,00
245,16046,00
246,9831,00
247,11074,00
248,5650,00
249,10622,00
250,10848,00
251,10509,00
252,8023,00
253,10622,00
254,12543,00
255,14577,00
256,16724,00
257,16837,00
258,15368,00
259,10735,00
260,14238,00
261,17062,00
262,14238,00
263,14238,00
264,10283,00
265,13786,00
266,15707,00
267,16611,00
268,14577,00
269,17289,00
270,17402,00
271,15255,00
272,16159,00
273,16498,00
274,8136,00
275,15368,00
276,12543,00
277,14803,00
278,12317,00
279,13899,00
280,14577,00
281,11949,00
282,10170,00
283,15142,00
284,18532,00
285,16046,00
286,16724,00
287,17063,00
288,16046,00
289,11413,00
290,15594,00
291,18984,00
292,15142,00
293,12317,00
294,16498,00
295,14351,00
296,17289,00
297,12430,00
298,18419,00
299,16950,00
300,16498,00
301,18310,00
302,13163,00
303,13782,00
304,15142,00
305,11526,00
306,21244,00
307,23165,02
308,14125,00
309,7458,00
310,11300,00
311,11639,00
312,9831,00
313,12543,00
314,11865,00
315,13560,00
316,10170,00
317,12091,00
318,10622,00
319,14916,00
320,12317,00
321,17063,00
322,8136,00
323,10509,00
324,113,00
325,5424,00
326,154,00
327,175,00
328,175,00
329,157,00
330,16159,00
331,17967,00
332,16498,00
333,16837,00
334,10170,00
335,21951,00
336,17854,00
337,17289,00
338,16498,00
339,13447,00
340,10735,00
341,15707,00
342,16159,00
343,8136,00
344,16272,00
345,16385,00
346,9831,00
347,14577,00
348,11865,00
349,17628,00
350,19323,00
351,18645,00
352,19210,00
353,18871,00
354,19436,00
355,16611,00
356,15029,00
357,15707,00
358,13221,00
359,18871,00
360,20566,00
361,16837,00
362,12317,00
363,16837,00
364,19904,00
365,20679,00
366,18419,00
367,23391,02
368,20905,00
369,21696,00
370,15142,00
371,13673,00
372,13221,00
373,13447,00
374,17515,00
375,13673,00
376,10961,00
377,10961,00
378,11300,00
379,11865,00
380,10057,00
381,18532,00
382,18193,00
383,18532,00
384,17515,00
385,17289,00
386,18532,00
387,17515,00
388,18178,00
389,17515,00
390,16837,00
391,14803,00
392,15707,00
393,11052,00
394,13447,00
395,13899,00
396,15029,00
397,10509,00
398,145,00
399,13673,00
400,17515,00
401,15255,00
402,10848,00
403,14464,00
404,12995,00
405,15142,00
406,15707,00
407,14351,00
408,14916,00
409,10622,00
410,16837,00
411,12317,00
412,19210,00
413,14690,00
414,17854,00
415,19210,00
416,16046,00
417,19323,00
418,19224,00
419,19775,00
420,18645,00
421,18984,00
422,13221,00
423,16272,00
424,20453,00
425,18984,00
426,17063,00
427,18871,00
428,17063,00
429,14238,00
430,16498,00
431,1921,00
432,12317,00
433,10170,00
434,11865,00
435,6441,00
436,12656,00
437,11187,00
438,10735,00
439,10170,00
440,8362,00
441,13673,00
442,14577,00
443,13560,00
444,16950,00
445,14916,00
446,12543,00
447,15933,00
448,8362,00
449,13673,00
450,18193,00
451,16950,00
452,14125,00
453,17289,00
454,19436,00
455,15933,00
456,16837,00
457,13108,00
458,11413,00
459,15820,00
460,18306,00
461,9944,00
462,16950,00
463,19097,00
464,4181,00
465,1017,00
466,6102,00
467,113,00
468,113,00
469,113,00
470,175,00
471,12430,00
472,2260,00
473,3277,00
474,3164,00
475,3277,00
476,7684,00
477,7684,00
478,12091,00
479,3164,00
480,2825,00
481,1695,00
482,3277,00
483,7571,00
484,4068,00
485,7345,00
486,9040,00
487,127,00
488,3729,00
489,10943,00
490,21922,00
491,16716,00
492,13560,00
493,8475,00
494,15029,00
495,6441,00
496,113,00
497,175,00
498,175,00
499,2260,00
500,6780,00
501,13786,00
502,12091,00
503,11187,00
504,15707,00
505,16272,00
506,19210,00
507,20453,00
508,19662,00
509,12543,00
510,15594,00
511,15142,00
512,14916,00
513,14916,00
514,12430,00
515,17289,00
516,15368,00
517,17515,00
518,9536,00
519,15933,00
520,11978,00
521,16498,00
522,18193,00
523,13334,00
524,16829,00
525,17741,00
526,13447,00
527,17967,00
528,12656,00
529,14351,00
530,14803,00
531,16498,00
532,17854,00
533,16498,00
534,12995,00
535,16950,00
536,11752,00
537,21131,00
538,15707,00
539,3051,00
540,8023,00
541,3729,00
542,7006,00
543,8588,00
544,8249,00
545,11300,00
546,9831,00
547,6554,00
548,10848,00
549,12543,00
550,14125,00
551,15820,00
552,15481,00
553,16611,00
554,8588,00
555,15317,00
556,9831,00
557,18102,00
558,12543,00
559,10057,00
560,15707,00
561,13108,00
562,15142,00
563,13786,00
564,14125,00
565,14690,00
566,8701,00
567,15707,00
568,12230,00
569,16344,00
570,9040,00
571,15594,00
572,16498,00
573,15707,00
574,9944,00
575,7345,00
576,3051,00
577,7910,00
578,9718,00
579,10396,00
580,4972,00
581,16159,00
582,21131,00
583,20114,00
584,14803,00
585,18871,00
586,11187,00
587,16950,00
588,15368,00
589,17402,00
590,19323,00
591,15481,00
592,18532,00
593,12430,00
594,16264,00
595,18758,00
596,16272,00
597,19210,00
598,14660,00
599,17741,00
600,20227,00
601,21281,00
602,7797,00
603,10057,00
604,9718,00
605,5763,00
606,10283,00
607,12656,00
608,12769,00
609,12430,00
610,9379,00
611,11074,00
612,11300,00
613,14577,00
614,15481,00
615,20679,00
616,17854,00
617,19210,00
618,18193,00
619,16837,00
620,18645,00
621,16724,00
622,19549,00
623,16611,00
624,9379,00
625,15029,00
626,10848,00
627,18871,00
628,121,00
629,10396,00
630,12656,00
631,13786,00
632,16837,00
633,13221,00
634,15041,00
635,10057,00
636,14351,00
637,10283,00
638,14577,00
639,17515,00
640,15142,00
641,17402,00
642,14351,00
643,12882,00
644,3164,00
645,113,00
646,121,00
647,2825,00
648,136,00
649,113,00
650,175,00
651,3051,00
652,3955,00
653,7684,00
654,9718,00
655,3842,00
656,9492,00
657,14357,00
658,16159,00
659,17967,00
660,16611,00
661,17063,00
662,18645,00
663,14012,00
664,18801,00
665,20905,00
666,18645,00
667,19122,00
668,15255,00
669,19079,00
670,20751,00
671,16159,00
672,19818,00
673,21244,00
674,175,00
675,16611,00
676,11413,00
677,14125,00
678,12204,00
679,13334,00
680,12204,00
681,11526,00
682,10622,00
683,12882,00
684,15029,00
685,13447,00
686,14351,00
687,16159,00
688,11690,00
689,17176,00
690,18645,00
691,11534,00
692,15142,00
693,17289,00
694,11413,00
695,15594,00
696,13334,00
697,16046,00
698,12995,00
699,16159,00
700,16272,00
701,10396,00
702,14803,00
703,14875,00
704,15247,00
705,8475,00
706,17741,00
707,14916,00
708,16159,00
709,13334,00
710,10622,00
711,12543,00
712,17854,00
713,15820,00
714,11526,00
715,16611,00
716,20453,00
717,4859,00
718,9718,00
719,11300,00
720,4859,00
721,10735,00
722,12430,00
723,10509,00
724,7006,00
725,10283,00
726,10961,00
727,10170,00
728,13560,00
729,9831,00
730,17063,00
731,18532,00
732,16837,00
733,17402,00
734,13295,00
735,12874,00
736,12204,00
737,18645,00
738,10057,00
739,21131,00
740,20453,00
741,15707,00
742,16498,00
743,17515,00
744,10170,00
745,16159,00
746,20340,00
747,16611,00
748,15255,00
749,10848,00
750,15594,00
751,15933,00
752,11413,00
753,15933,00
754,14523,00
755,10622,00
756,15029,00
757,17628,00
758,18193,00
759,16724,00
760,14803,00
761,15029,00
762,9718,00
763,16837,00
764,18758,00
765,16837,00
766,12091,00
767,12656,00
768,14238,00
769,17628,00
770,113,00
771,452,00
772,5311,00
773,5424,00
774,21131,00
775,6328,00
776,15481,00
777,1921,00
778,8023,00
779,175,00
780,175,00
781,113,00
782,175,00
783,175,00
784,5537,00
785,113,00
786,5085,00
787,113,00
788,175,00
789,113,00
790,175,00
791,142,00
792,175,00
793,124,00
794,175,00
795,8927,00
796,2938,00
797,2373,00
798,2712,00
799,15831,00
800,10509,00
801,15882,00
802,15707,00
803,17063,00
804,17402,00
805,11526,00
806,11639,00
807,15707,00
808,22713,02
809,20114,00
810,20001,00
811,21357,00
812,20566,00
813,19775,00
814,21809,00
815,19549,00
816,20679,00
817,12656,00
818,17515,00
819,17289,00
820,19323,00
821,21809,00
822,22489,00
823,17515,00
824,17967,00
825,16837,00
826,18419,00
827,18532,00
828,17402,00
829,17628,00
830,12769,00
831,16837,00
832,16611,00
833,15933,00
834,16837,00
835,17515,00
836,17854,00
837,20792,00
838,20558,00
839,16983,00
840,18532,00
841,15631,00
842,15481,00
843,20350,00
844,18419,00
845,18758,00
846,19662,00
847,3390,00
848,11526,00
849,9153,00
850,9153,00
851,14125,00
852,12430,00
853,10735,00
854,5989,00
855,8249,00
856,14803,00
857,9944,00
858,15368,00
859,11074,00
860,17063,00
861,17063,00
862,17967,00
863,15368,00
864,9266,00
865,16950,00
866,18758,00
867,15481,00
868,16611,00
869,17176,00
870,15142,00
871,18193,00
872,18193,00
873,20227,00
874,17176,00
875,18080,00
876,17289,00
877,11639,00
878,17063,00
879,10170,00
880,17176,00
881,13560,00
882,12317,00
883,10848,00
884,15481,00
885,15315,00
886,15572,00
887,18193,00
888,15029,00
889,19210,00
890,19549,00
891,16950,00
892,15707,00
893,15368,00
894,17741,00
895,15933,00
896,17176,00
897,13899,00
898,19210,00
899,17741,00
900,20114,00
901,21018,00
902,19210,00
903,16385,00
904,21470,00
905,19323,00
906,21583,00
907,18645,00
908,16611,00
909,14125,00
910,19436,00
911,5991,00
912,11413,00
913,10848,00
914,11300,00
915,12430,00
916,3729,00
917,11074,00
918,8475,00
919,9040,00
920,13334,00
921,10961,00
922,8136,00
923,15255,00
924,10509,00
925,139,00
926,2147,00
927,175,00
928,113,00
929,175,00
930,20905,00
931,18645,00
932,20905,00
933,20679,00
934,19436,00
935,19549,00
936,18758,00
937,18871,00
938,11074,00
939,18758,00
940,19210,00
941,17322,00
942,19210,00
943,15707,00
944,10509,00
945,16072,00
946,17515,00
947,17515,00
948,15707,00
949,14012,00
950,16498,00
951,17967,00
952,16159,00
953,17176,00
954,18871,00
955,11187,00
956,17854,00
957,20422,00
958,18871,00
959,18193,00
960,12543,00
961,19210,00
962,17289,00
963,18758,00
964,19210,00
965,20340,00
966,15449,00
967,19097,00
968,19888,00
969,5198,00
970,9379,00
971,7345,00
972,11074,00
973,13560,00
974,11526,00
975,8136,00
976,11526,00
977,10057,00
978,11865,00
979,12656,00
980,6554,00
981,12543,00
982,16159,00
983,10622,00
984,15255,00
985,14916,00
986,13221,00
987,13899,00
988,14916,00
989,14012,00
990,14238,00
991,10057,00
992,16159,00
993,13560,00
994,11978,00
995,11978,00
996,14577,00
997,9379,00
998,15255,00
999,17402,00
1000,14803,00
1001,14690,00
1002,14690,00
1003,14690,00
1004,21922,00
1005,14125,00
1006,15820,00
1007,10283,00
1008,18306,00
1009,16724,00
1010,20227,00
1011,21922,00
1012,5876,00
1013,13108,00
1014,10848,00
1015,12882,00
1016,13786,00
1017,11413,00
1018,13560,00
1019,9153,00
1020,14012,00
1021,7910,00
1022,13334,00
1023,11865,00
1024,14916,00
1025,9153,00
1026,15481,00
1027,175,00
1028,2034,00
1029,5311,00
1030,3616,00
1031,3390,00
1032,2712,00
1033,133,00
1034,118,00
1035,13786,00
1036,16611,00
1037,17402,00
1038,16950,00
1039,14577,00
1040,10509,00
1041,16950,00
1042,15368,00
1043,15029,00
1044,16159,00
1045,15255,00
1046,12091,00
1047,14577,00
1048,15368,00
1049,11526,00
1050,14464,00
1051,15594,00
1052,15080,00
1053,14012,00
1054,16272,00
1055,14464,00
1056,11865,00
1057,12995,00
1058,14803,00
1059,10735,00
1060,16611,00
1061,14577,00
1062,12091,00
1063,16611,00
1064,17854,00
1065,15255,00
1066,19323,00
1067,17176,00
1068,21131,00
1069,16837,00
1070,18419,00
1071,16724,00
1072,19323,00
1073,12430,00
1074,16724,00
1075,14741,00
1076,13786,00
1077,16282,00
1078,17340,00
1079,20227,00
1080,20001,00
1081,18532,00
1082,16611,00
1083,15419,00
1084,18984,00
1085,22261,00
1086,16724,00
1087,11413,00
1088,14464,00
1089,10735,00
1090,5650,00
1091,14125,00
1092,14012,00
1093,15142,00
1094,8588,00
1095,10396,00
1096,6328,00
1097,11300,00
1098,17741,00
1099,15368,00
1100,10170,00
1101,16159,00
1102,15481,00
1103,13786,00
1104,11752,00
1105,16385,00
1106,15029,00
1107,15820,00
1108,14464,00
1109,16498,00
1110,14916,00
1111,14803,00
1112,15594,00
1113,12769,00
1114,16046,00
1115,17854,00
1116,15142,00
1117,16837,00
1118,11300,00
1119,17176,00
1120,18306,00
1121,15707,00
1122,15029,00
1123,2260,00
1124,10735,00
1125,9718,00
1126,4746,00
1127,13108,00
1128,9605,00
1129,2147,00
1130,5311,00
1131,16498,00
1132,15368,00
1133,14238,00
1134,16498,00
1135,18193,00
1136,17741,00
1137,17402,00
1138,18306,00
1139,14125,00
1140,15594,00
1141,12995,00
1142,13334,00
1143,14577,00
1144,16724,00
1145,20227,00
1146,4633,00
1147,12430,00
1148,5198,00
1149,12543,00
1150,6010,00
1151,15594,00
1152,3616,00
1153,13334,00
1154,9718,00
1155,11413,00
1156,7684,00
1157,16046,00
1158,15481,00
1159,12882,00
1160,13899,00
1161,11865,00
1162,16498,00
1163,16837,00
1164,20905,00
1165,18871,00
1166,20453,00
1167,20114,00
1168,19775,00
1169,20147,00
1170,14464,00
1171,15481,00
1172,15255,00
1173,11865,00
1174,15255,00
1175,11639,00
1176,14238,00
1177,10848,00
1178,11413,00
1179,17967,00
1180,14351,00
1181,18984,00
1182,15707,00
1183,16950,00
1184,17967,00
1185,14351,00
1186,16950,00
1187,13221,00
1188,15029,00
1189,16159,00
1190,8362,00
1191,17741,00
1192,16046,00
1193,17967,00
1194,19785,00
1195,19089,00
1196,19097,00
1197,18306,00
1198,20227,00
1199,15255,00
1200,11865,00
1201,7684,00
1202,8362,00
1203,12430,00
1204,14803,00
1205,13108,00
1206,13560,00
1207,5876,00
1208,9944,00
1209,10057,00
1210,12091,00
1211,16498,00
1212,17741,00
1213,18532,00
1214,17402,00
1215,11074,00
1216,17063,00
1217,16385,00
1218,14803,00
1219,15029,00
1220,13221,00
1221,175,00
1222,2486,00
1223,339,00
1224,2147,00
1225,904,00
1226,18758,00
1227,14464,00
1228,16950,00
1229,13786,00
1230,16724,00
1231,9153,00
1232,12995,00
1233,12204,00
1234,20340,00
1235,15481,00
1236,14803,00
1237,13899,00
1238,15820,00
1239,13786,00
1240,15481,00
1241,11187,00
1242,15481,00
1243,13525,00
1244,15255,00
1245,17628,00
1246,15368,00
1247,18306,00
1248,16950,00
1249,17402,00
1250,12204,00
1251,8701,00
1252,12204,00
1253,11187,00
1254,9831,00
1255,4764,00
1256,10509,00
1257,6554,00
1258,10170,00
1259,10848,00
1260,12091,00
1261,5198,00
1262,13899,00
1263,13334,00
1264,14125,00
1265,14464,00
1266,15594,00
1267,14577,00
1268,12317,00
1269,14690,00
1270,17402,00
1271,13899,00
1272,13221,00
1273,15029,00
1274,10735,00
1275,14012,00
1276,14577,00
1277,14012,00
1278,15368,00
1279,13786,00
1280,15368,00
1281,13899,00
1282,15481,00
1283,10848,00
1284,14238,00
1285,14238,00
1286,11074,00
1287,13334,00
1288,14264,00
1289,13673,00
1290,14351,00
1291,16385,00
1292,20340,00
1293,17515,00
1294,16837,00
1295,12995,00
1296,17176,00
1297,13560,00
1298,19888,00
1299,18758,00
1300,13334,00
1301,17741,00
1302,17628,00
1303,17515,00
1304,15820,00
1305,19210,00
1306,22713,02
1307,19097,00
1308,20453,00
1309,1808,00
1310,10509,00
1311,7571,00
1312,11978,00
1313,12204,00
1314,12995,00
1315,10396,00
1316,13899,00
1317,10848,00
1318,10735,00
1319,9153,00
1320,14125,00
1321,18871,00
1322,14803,00
1323,18532,00
1324,15481,00
1325,10735,00
1326,16272,00
1327,18080,00
1328,15142,00
1329,15029,00
1330,14916,00
1331,11187,00
1332,15707,00
1333,16498,00
1334,15933,00
1335,15029,00
1336,15029,00
1337,15029,00
1338,15142,00
1339,15255,00
1340,17854,00
1341,15820,00
1342,18532,00
1343,13560,00
1344,17063,00
1345,14690,00
1346,15427,00
1347,14690,00
1348,14803,00
1349,16950,00
1350,16498,00
1351,14690,00
1352,18503,00
1353,17967,00
1354,14238,00
1355,13221,00
1356,17402,00
1357,17402,00
1358,16611,00
1359,17289,00
1360,21244,00
1361,17402,00
1362,17289,00
1363,15594,00
1364,17063,00
1365,19549,00
1366,18306,00
1367,20227,00
1368,14690,00
1369,19759,00
1370,20905,00
1371,13899,00
1372,19360,00
1373,18456,00
1374,15737,00
1375,18080,00
1376,23956,02
1377,19323,00
1378,5876,00
1379,11413,00
1380,10509,00
1381,11526,00
1382,8362,00
1383,8136,00
1384,15707,00
1385,12543,00
1386,14723,00
1387,16611,00
1388,17854,00
1389,18984,00
1390,17096,00
1391,12656,00
1392,20453,00
1393,21583,00
1394,18419,00
1395,20001,00
1396,15594,00
1397,17967,00
1398,19775,00
1399,18532,00
1400,20114,00
1401,21131,00
1402,12769,00
1403,16272,00
1404,17854,00
1405,16950,00
1406,16272,00
1407,16046,00
1408,16385,00
1409,14803,00
1410,12178,00
1411,12404,00
1412,18758,00
1413,17854,00
1414,15368,00
1415,18193,00
1416,15142,00
1417,9718,00
1418,16950,00
1419,11978,00
1420,17854,00
1421,19097,00
1422,18532,00
1423,18645,00
1424,20905,00
1425,17515,00
1426,18758,00
1427,16837,00
1428,13673,00
1429,18871,00
1430,19549,00
1431,11187,00
1432,17176,00
1433,21018,00
1434,19436,00
1435,17402,00
1436,21018,00
1437,17854,00
1438,18645,00
1439,13826,00
1440,13597,00
1441,18645,00
1442,18242,00
1443,15346,00
1444,18532,00
1445,12882,00
1446,23843,02
1447,14916,00
1448,5424,00
1449,12204,00
1450,4746,00
1451,11526,00
1452,11187,00
1453,6780,00
1454,9492,00
1455,11639,00
1456,13334,00
1457,4407,00
1458,17289,00
1459,16950,00
1460,15707,00
1461,15594,00
1462,15594,00
1463,18080,00
1464,17402,00
1465,15820,00
1466,16611,00
1467,12995,00
1468,18419,00
1469,15933,00
1470,16724,00
1471,12995,00
1472,17402,00
1473,15255,00
1474,20566,00
1475,13221,00
1476,17854,00
1477,11300,00
1478,16498,00
1479,15368,00
1480,14817,00
1481,11300,00
1482,18984,00
1483,11752,00
1484,17741,00
1485,19097,00
1486,14351,00
1487,16272,00
1488,19987,00
1489,19960,00
1490,20114,00
1491,12477,00
1492,9379,00
1493,10170,00
1494,7571,00
1495,10848,00
1496,8362,00
1497,8249,00
1498,9718,00
1499,11074,00
1500,11978,00
1501,12543,00
1502,15368,00
1503,9266,00
1504,18306,00
1505,18984,00
1506,9784,00
1507,18532,00
1508,12430,00
1509,19436,00
1510,16611,00
1511,12317,00
1512,15029,00
1513,17063,00
1514,18758,00
1515,19436,00
1516,16272,00
1517,17741,00
1518,15820,00
1519,9040,00
1520,14916,00
1521,16724,00
1522,10283,00
1523,11187,00
1524,14012,00
1525,12995,00
1526,13108,00
1527,15029,00
1528,17741,00
1529,18434,00
1530,15255,00
1531,12769,00
1532,14690,00
1533,17741,00
1534,15933,00
1535,18532,00
1536,12882,00
1537,15142,00
1538,17289,00
1539,19210,00
1540,12970,00
1541,22374,00
1542,21357,00
1543,17289,00
1544,19210,00
1545,17628,00
1546,16950,00
1547,19888,00
1548,15594,00
1549,16385,00
1550,13447,00
1551,14464,00
1552,18080,00
1553,18532,00
1554,13560,00
1555,17402,00
1556,18532,00
1557,17967,00
1558,12543,00
1559,20453,00
1560,13576,00
1561,14195,00
1562,18456,00
1563,18193,00
1564,14980,00
1565,11074,00
1566,7571,00
1567,13221,00
1568,13899,00
1569,16611,00
1570,5650,00
1571,16385,00
1572,10735,00
1573,11074,00
1574,10622,00
1575,7797,00
1576,15142,00
1577,14690,00
1578,12091,00
1579,19662,00
1580,16083,00
1581,14690,00
1582,15594,00
1583,18984,00
1584,16837,00
1585,16171,00
1586,18717,00
1587,16046,00
1588,17628,00
1589,19210,00
1590,15029,00
1591,16950,00
1592,11978,00
1593,18193,00
1594,11639,00
1595,13786,00
1596,16724,00
1597,19097,00
1598,16611,00
1599,17741,00
1600,12995,00
1601,17967,00
1602,15029,00
1603,12543,00
1604,16837,00
1605,17515,00
1606,12995,00
1607,18871,00
1608,14577,00
1609,16724,00
1610,15707,00
1611,18758,00
1612,16046,00
1613,15481,00
1614,16385,00
1615,14351,00
1616,15703,00
1617,19549,00
1618,18310,00
1619,19097,00
1620,19888,00
1621,21236,00
1622,19775,00
1623,18532,00
1624,18984,00
1625,19097,00
1626,18984,00
1627,20792,00
1628,11865,00
1629,10170,00
1630,10283,00
1631,12091,00
1632,8136,00
1633,8362,00
1634,9040,00
1635,12091,00
1636,3955,00
1637,10735,00
1638,10735,00
1639,15933,00
1640,16046,00
1641,17289,00
1642,17176,00
1643,15029,00
1644,16159,00
1645,14238,00
1646,7684,00
1647,10283,00
1648,13673,00
1649,10509,00
1650,14690,00
1651,16724,00
1652,14464,00
1653,15820,00
1654,11300,00
1655,15707,00
1656,14238,00
1657,16046,00
1658,15255,00
1659,16724,00
1660,18984,00
1661,17289,00
1662,10509,00
1663,15142,00
1664,17741,00
1665,14803,00
1666,17176,00
1667,17289,00
1668,17854,00
1669,16950,00
1670,18984,00
1671,14125,00
1672,18080,00
1673,17289,00
1674,15142,00
1675,17176,00
1676,14351,00
1677,17741,00
1678,17854,00
1679,15029,00
1680,17854,00
1681,16611,00
1682,14690,00
1683,20340,00
1684,18080,00
1685,20001,00
1686,20114,00
1687,16498,00
1688,18645,00
1689,21018,00
1690,20340,00
1691,19888,00
1692,14238,00
1693,21018,00
1694,20227,00
1695,14125,00
1696,19549,00
1697,17176,00
1698,19549,00
1699,15384,00
1700,13108,00
1701,13786,00
1702,7797,00
1703,14012,00
1704,10848,00
1705,16724,00
1706,17063,00
1707,17402,00
1708,10735,00
1709,17063,00
1710,16950,00
1711,14916,00
1712,21018,00
1713,18871,00
1714,20905,00
1715,21018,00
1716,10961,00
1717,20792,00
1718,19662,00
1719,20792,00
1720,19210,00
1721,20453,00
1722,9944,00
1723,21018,00
1724,18419,00
1725,20001,00
1726,11752,00
1727,21696,00
1728,22148,00
1729,21470,00
1730,20340,00
1731,15820,00
1732,18306,00
1733,20792,00
1734,11639,00
1735,21244,00
1736,11925,00
1737,19775,00
1738,21421,00
1739,19662,00
1740,13447,00
1741,15481,00
1742,14690,00
1743,12882,00
1744,9831,00
1745,13334,00
1746,12204,00
1747,15255,00
1748,15029,00
1749,13786,00
1750,15029,00
1751,10170,00
1752,13786,00
1753,16159,00
1754,14577,00
1755,14125,00
1756,14464,00
1757,17063,00
1758,12543,00
1759,16385,00
1760,11074,00
1761,15594,00
1762,17967,00
1763,16837,00
1764,15481,00
1765,12204,00
1766,15820,00
1767,14916,00
1768,14238,00
1769,12317,00
1770,16385,00
1771,13108,00
1772,15368,00
1773,15707,00
1774,15255,00
1775,17289,00
1776,17289,00
1777,14351,00
1778,9040,00
1779,16611,00
1780,9718,00
1781,16272,00
1782,16950,00
1783,15481,00
1784,14916,00
1785,11300,00
1786,16159,00
1787,16950,00
1788,17289,00
1789,14577,00
1790,16611,00
1791,16159,00
1792,19775,00
1793,14464,00
1794,20792,00
1795,17289,00
1796,19888,00
1797,20299,00
1798,18193,00
1799,15142,00
1800,21563,00
1801,20566,00
1802,19549,00
1803,21244,00
1804,18080,00
1805,19210,00
1806,18984,00
1807,20340,00
1808,14577,00
1809,18532,00
1810,19210,00
1811,16837,00
1812,18871,00
1813,7006,00
1814,12543,00
1815,12091,00
1816,9718,00
1817,10622,00
1818,12543,00
1819,12995,00
1820,12430,00
1821,14464,00
1822,9266,00
1823,12995,00
1824,17741,00
1825,15594,00
1826,14238,00
1827,11074,00
1828,17967,00
1829,15241,00
1830,12769,00
1831,18419,00
1832,20905,00
1833,18758,00
1834,10057,00
1835,13334,00
1836,18984,00
1837,16046,00
1838,17967,00
1839,12543,00
1840,17515,00
1841,10961,00
1842,13899,00
1843,15820,00
1844,16611,00
1845,11752,00
1846,15820,00
1847,19323,00
1848,17767,00
1849,15481,00
1850,8588,00
1851,17515,00
1852,18080,00
1853,17515,00
1854,18080,00
1855,12995,00
1856,18080,00
1857,19210,00
1858,16046,00
1859,16272,00
1860,18871,00
1861,17515,00
1862,10622,00
1863,16837,00
1864,15255,00
1865,19335,00
1866,14916,00
1867,19775,00
1868,18645,00
1869,13221,00
1870,18306,00
1871,12656,00
1872,19662,00
1873,20114,00
1874,19137,00
1875,21036,00
1876,21131,00
1877,20340,00
1878,14836,00
1879,20293,00
1880,18080,00
1881,20001,00
1882,8362,00
1883,8249,00
1884,11865,00
1885,10735,00
1886,5989,00
1887,9944,00
1888,13447,00
1889,11865,00
1890,11413,00
1891,8023,00
1892,11300,00
1893,16385,00
1894,15368,00
1895,14577,00
1896,16385,00
1897,12656,00
1898,14803,00
1899,16498,00
1900,12656,00
1901,17289,00
1902,15594,00
1903,16837,00
1904,16159,00
1905,14351,00
1906,13560,00
1907,18645,00
1908,17628,00
1909,13786,00
1910,8249,00
1911,16046,00
1912,18419,00
1913,15255,00
1914,11865,00
1915,15933,00
1916,17176,00
1917,16046,00
1918,15142,00
1919,16385,00
1920,15029,00
1921,14351,00
1922,14916,00
1923,18984,00
1924,13221,00
1925,13899,00
1926,14125,00
1927,18645,00
1928,17854,00
1929,18645,00
1930,20340,00
1931,15707,00
1932,17176,00
1933,10396,00
1934,18871,00
1935,16272,00
1936,16272,00
1937,16498,00
1938,14803,00
1939,11865,00
1940,16159,00
1941,20227,00
1942,20566,00
1943,12882,00
1944,16611,00
1945,11752,00
1946,10848,00
1947,7119,00
1948,12882,00
1949,10622,00
1950,10622,00
1951,8701,00
1952,5650,00
1953,14238,00
1954,11300,00
1955,15933,00
1956,16159,00
1957,15029,00
1958,15707,00
1959,15142,00
1960,15481,00
1961,13108,00
1962,16950,00
1963,14125,00
1964,11978,00
1965,14916,00
1966,12317,00
1967,17696,00
1968,12769,00
1969,17289,00
1970,16498,00
1971,14803,00
1972,16724,00
1973,10170,00
1974,15933,00
1975,18758,00
1976,14012,00
1977,15142,00
1978,16498,00
1979,10509,00
1980,13108,00
1981,15029,00
1982,11468,00
1983,15029,00
1984,16046,00
1985,21182,00
1986,20001,00
1987,18871,00
1988,21357,00
1989,20566,00
1990,18532,00
1991,11435,00
1992,12882,00
1993,12430,00
1994,7345,00
1995,10848,00
1996,10622,00
1997,12769,00
1998,9040,00
1999,10622,00
2000,12430,00
2001,12204,00
2002,17063,00
2003,17628,00
2004,17388,00
2005,13804,00
2006,14351,00
2007,13221,00
2008,10509,00
2009,16046,00
2010,12543,00
2011,14577,00
2012,18080,00
2013,17515,00
2014,14012,00
2015,15029,00
2016,14916,00
2017,12342,00
2018,16837,00
2019,18984,00
2020,17854,00
2021,16258,00
2022,12769,00
2023,14125,00
2024,15368,00
2025,13786,00
2026,15142,00
2027,18080,00
2028,17402,00
2029,16498,00
2030,16385,00
2031,14464,00
2032,18871,00
2033,19210,00
2034,18758,00
2035,16724,00
2036,14803,00
2037,11752,00
2038,14464,00
2039,18080,00
2040,21809,00
2041,6709,00
2042,10622,00
2043,14351,00
2044,8814,00
2045,11413,00
2046,11300,00
2047,11865,00
2048,12091,00
2049,10396,00
2050,6328,00
2051,9153,00
2052,13560,00
2053,16724,00
2054,15029,00
2055,13447,00
2056,15368,00
2057,17289,00
2058,9492,00
2059,14351,00
2060,15933,00
2061,13899,00
2062,13786,00
2063,17402,00
2064,11187,00
2065,13673,00
2066,17741,00
2067,14351,00
2068,13673,00
2069,10735,00
2070,14238,00
2071,15820,00
2072,15820,00
2073,17402,00
2074,16272,00
2075,12995,00
2076,11752,00
2077,13673,00
2078,12204,00
2079,15029,00
2080,14916,00
2081,16950,00
2082,14690,00
2083,17176,00
2084,15368,00
2085,15820,00
2086,14125,00
2087,15368,00
2088,16837,00
2089,12204,00
2090,16724,00
2091,18080,00
2092,14577,00
2093,16837,00
2094,21131,00
2095,16385,00
2096,13556,00
2097,11203,00
2098,12543,00
2099,9492,00
2100,11187,00
2101,9379,00
2102,9831,00
2103,9718,00
2104,8249,00
2105,8927,00
2106,5537,00
2107,10509,00
2108,5198,00
2109,10848,00
2110,14351,00
2111,13673,00
2112,16611,00
2113,14916,00
2114,15368,00
2115,16611,00
2116,11074,00
2117,16837,00
2118,14351,00
2119,14577,00
2120,11865,00
2121,16046,00
2122,16272,00
2123,13786,00
2124,18871,00
2125,15142,00
2126,16385,00
2127,16950,00
2128,9492,00
2129,15820,00
2130,14690,00
2131,10848,00
2132,15820,00
2133,15029,00
2134,11187,00
2135,10735,00
2136,14916,00
2137,12317,00
2138,20340,00
2139,18645,00
2140,16498,00
2141,16272,00
2142,16272,00
2143,10170,00
2144,16950,00
2145,16724,00
2146,15481,00
2147,15142,00
2148,12882,00
2149,15707,00
2150,15481,00
2151,13899,00
2152,23052,02
2153,10961,00
2154,3164,00
2155,15368,00
2156,3390,00
2157,11752,00
2158,10283,00
2159,6780,00
2160,9153,00
2161,11187,00
2162,6441,00
2163,12882,00
2164,5989,00
2165,10848,00
2166,10057,00
2167,8023,00
2168,16385,00
2169,16046,00
2170,9718,00
2171,13108,00
2172,14464,00
2173,14125,00
2174,15255,00
2175,15820,00
2176,11074,00
2177,13786,00
2178,13899,00
2179,19210,00
2180,19323,00
2181,21018,00
2182,14238,00
2183,12091,00
2184,15142,00
2185,14351,00
2186,13560,00
2187,14690,00
2188,9718,00
2189,14577,00
2190,12995,00
2191,19097,00
2192,18532,00
2193,12204,00
2194,14690,00
2195,13560,00
2196,12543,00
2197,16385,00
2198,7684,00
2199,9266,00
2200,5650,00
2201,9266,00
2202,13221,00
2203,9153,00
2204,5763,00
2205,14916,00
2206,9379,00
2207,10961,00
2208,11639,00
2209,14125,00
2210,17289,00
2211,15255,00
2212,16272,00
2213,15933,00
2214,16849,00
2215,15082,00
2216,15594,00
2217,15368,00
2218,9153,00
2219,15707,00
2220,15481,00
2221,17402,00
2222,16385,00
2223,14577,00
2224,14803,00
2225,18193,00
2226,14238,00
2227,15481,00
2228,9379,00
2229,14916,00
2230,17402,00
2231,14803,00
2232,11978,00
2233,12317,00
2234,16498,00
2235,12430,00
2236,17741,00
2237,10848,00
2238,16046,00
2239,17402,00
2240,15820,00
2241,15586,00
2242,15820,00
2243,17741,00
2244,16724,00
2245,16837,00
2246,10848,00
2247,16159,00
2248,11865,00
2249,19549,00
2250,13350,00
2251,20001,00
2252,17741,00
2253,13560,00
2254,13870,00
2255,20564,00
2256,19549,00
2257,18758,00
2258,17628,00
2259,16724,00
2260,14577,00
2261,17741,00
2262,16724,00
2263,16724,00
2264,16498,00
2265,17515,00
2266,19775,00
2267,19549,00
2268,19632,00
2269,2486,00
2270,8362,00
2271,12091,00
2272,15255,00
2273,11300,00
2274,8362,00
2275,10283,00
2276,9492,00
2277,12543,00
2278,14012,00
2279,16837,00
2280,15255,00
2281,15368,00
2282,14690,00
2283,17854,00
2284,12543,00
2285,16272,00
2286,14464,00
2287,15029,00
2288,12769,00
2289,16159,00
2290,17515,00
2291,12995,00
2292,16611,00
2293,20453,00
2294,15368,00
2295,16046,00
2296,16385,00
2297,14803,00
2298,17741,00
2299,16272,00
2300,16046,00
2301,19323,00
2302,9831,00
2303,11752,00
2304,15820,00
2305,13560,00
2306,15134,00
2307,15707,00
2308,16046,00
2309,18419,00
2310,15933,00
2311,13254,00
2312,18419,00
2313,18645,00
2314,19662,00
2315,13447,00
2316,16272,00
2317,14125,00
2318,16950,00
2319,17402,00
2320,19775,00
2321,17063,00
2322,16837,00
2323,18758,00
2324,17402,00
2325,18984,00
2326,20792,00
2327,18532,00
2328,16272,00
2329,15255,00
2330,14464,00
2331,9354,00
2332,11865,00
2333,9605,00
2334,12543,00
2335,12430,00
2336,5311,00
2337,14577,00
2338,13447,00
2339,12091,00
2340,9492,00
2341,17289,00
2342,14012,00
2343,11865,00
2344,12430,00
2345,8136,00
2346,16159,00
2347,17402,00
2348,14351,00
2349,15481,00
2350,16272,00
2351,14916,00
2352,16046,00
2353,12317,00
2354,15029,00
2355,18758,00
2356,15255,00
2357,12091,00
2358,15707,00
2359,10283,00
2360,10170,00
2361,14125,00
2362,12769,00
2363,17967,00
2364,12204,00
2365,10509,00
2366,14690,00
2367,18871,00
2368,16611,00
2369,15820,00
2370,16159,00
2371,15142,00
2372,19888,00
2373,18419,00
2374,19210,00
2375,18419,00
2376,19775,00
2377,18306,00
2378,19210,00
2379,17063,00
2380,1582,00
2381,5311,00
2382,15029,00
2383,15820,00
2384,8249,00
2385,6102,00
2386,15707,00
2387,17402,00
2388,11639,00
2389,11300,00
2390,12769,00
2391,16724,00
2392,16159,00
2393,16611,00
2394,16611,00
2395,16159,00
2396,10170,00
2397,19210,00
2398,18316,00
2399,13673,00
2400,20227,00
2401,18306,00
2402,19097,00
2403,19549,00
2404,10283,00
2405,18306,00
2406,17515,00
2407,19662,00
2408,20114,00
2409,19662,00
2410,12091,00
2411,18306,00
2412,17176,00
2413,19888,00
2414,18532,00
2415,21131,00
2416,20679,00
2417,19888,00
2418,17854,00
2419,17515,00
2420,21696,00
2421,452,00
2422,12317,00
2423,11074,00
2424,8362,00
2425,4068,00
2426,8023,00
2427,5876,00
2428,13560,00
2429,10057,00
2430,13334,00
2431,14207,00
2432,17063,00
2433,16272,00
2434,13108,00
2435,14125,00
2436,17628,00
2437,17515,00
2438,14464,00
2439,16385,00
2440,10509,00
2441,20114,00
2442,17402,00
2443,13899,00
2444,11300,00
2445,14125,00
2446,12656,00
2447,12204,00
2448,11074,00
2449,10735,00
2450,11978,00
2451,16611,00
2452,13786,00
2453,11074,00
2454,10283,00
2455,16611,00
2456,10848,00
2457,17967,00
2458,19436,00
2459,8927,00
2460,20340,00
2461,21244,00
2462,13673,00
2463,15594,00
2464,15029,00
2465,13221,00
2466,14238,00
2467,12204,00
2468,13673,00
2469,14803,00
2470,10735,00
2471,14916,00
2472,16724,00
2473,10848,00
2474,17515,00
2475,15481,00
2476,12769,00
2477,16046,00
2478,11074,00
2479,17854,00
2480,18645,00
2481,12430,00
2482,15594,00
2483,18193,00
2484,14916,00
2485,18984,00
2486,17176,00
2487,15707,00
2488,19097,00
2489,16724,00
2490,14690,00
2491,17176,00
2492,14916,00
2493,14464,00
2494,17289,00
2495,20001,00
2496,18532,00
2497,20114,00
2498,20905,00
2499,18419,00
2500,17176,00
2501,18419,00
2502,19549,00
2503,19097,00
2504,20566,00
2505,18532,00
2506,19323,00
2507,18080,00
2508,15255,00
2509,18871,00
2510,17628,00
2511,19097,00
2512,18193,00
2513,16272,00
2514,17515,00
2515,16342,00
2516,3729,00
2517,12769,00
2518,13560,00
2519,15594,00
2520,12995,00
2521,10170,00
2522,5537,00
2523,14803,00
2524,17515,00
2525,14916,00
2526,11639,00
2527,10509,00
2528,15142,00
2529,14238,00
2530,12204,00
2531,18645,00
2532,17515,00
2533,21244,00
2534,18984,00
2535,14351,00
2536,19662,00
2537,17515,00
2538,16724,00
2539,19436,00
2540,8814,00
2541,16272,00
2542,18678,00
2543,19210,00
2544,19549,00
2545,10396,00
2546,19436,00
2547,14464,00
2548,16523,00
2549,11187,00
2550,17770,00
2551,18976,00
2552,18193,00
2553,10396,00
2554,15255,00
2555,15481,00
2556,17340,00
2557,21357,00
2558,13108,00
2559,8475,00
2560,12543,00
2561,15142,00
2562,12995,00
2563,4407,00
2564,14464,00
2565,10170,00
2566,14690,00
2567,6554,00
2568,17289,00
2569,9492,00
2570,19549,00
2571,19549,00
2572,17402,00
2573,20792,00
2574,18984,00
2575,19210,00
2576,9266,00
2577,17854,00
2578,20114,00
2579,19888,00
2580,20114,00
2581,20453,00
2582,19097,00
2583,18645,00
2584,18984,00
2585,16272,00
2586,19436,00
2587,14577,00
2588,16385,00
2589,17854,00
2590,19662,00
2591,9831,00
2592,18306,00
2593,18193,00
2594,19549,00
2595,18193,00
2596,12995,00
2597,13899,00
2598,15481,00
2599,16046,00
2600,14238,00
2601,12769,00
2602,15029,00
2603,15933,00
2604,11187,00
2605,19323,00
2606,9944,00
2607,15594,00
2608,19301,00
2609,11752,00
2610,16046,00
2611,15820,00
2612,16870,00
2613,17402,00
2614,13673,00
2615,18758,00
2616,12769,00
2617,16385,00
2618,14238,00
2619,18306,00
2620,8249,00
2621,10961,00
2622,15368,00
2623,13673,00
2624,16046,00
2625,13899,00
2626,15142,00
2627,11187,00
2628,6554,00
2629,10170,00
2630,15933,00
2631,19097,00
2632,11752,00
2633,16175,00
2634,16724,00
2635,19549,00
2636,19888,00
2637,15820,00
2638,8218,00
2639,18984,00
2640,9097,00
2641,20340,00
2642,17515,00
2643,18306,00
2644,19662,00
2645,12319,00
2646,10848,00
2647,20905,00
2648,8927,00
2649,19888,00
2650,20340,00
2651,12995,00
2652,18645,00
2653,19662,00
2654,10622,00
2655,20453,00
2656,18645,00
2657,12656,00
2658,19662,00
2659,17063,00
2660,14238,00
2661,18758,00
2662,13447,00
2663,6780,00
2664,12882,00
2665,15255,00
2666,11639,00
2667,10509,00
2668,14351,00
2669,3955,00
2670,9379,00
2671,12882,00
2672,11639,00
2673,15368,00
2674,11074,00
2675,15933,00
2676,15029,00
2677,15594,00
2678,16498,00
2679,18758,00
2680,18645,00
2681,15029,00
2682,9605,00
2683,17402,00
2684,19888,00
2685,19210,00
2686,14464,00
2687,11300,00
2688,10735,00
2689,15933,00
2690,10848,00
2691,18984,00
2692,15933,00
2693,13673,00
2694,13334,00
2695,17854,00
2696,16837,00
2697,14690,00
2698,15820,00
2699,15707,00
2700,13899,00
2701,21018,00
2702,12656,00
2703,17704,00
2704,19549,00
2705,19323,00
2706,17402,00
2707,16385,00
2708,16837,00
2709,12995,00
2710,13108,00
2711,9379,00
2712,16272,00
2713,16498,00
2714,18080,00
2715,20114,00
2716,12091,00
2717,19323,00
2718,15368,00
2719,14690,00
2720,10396,00
2721,14916,00
2722,10396,00
2723,12656,00
2724,12317,00
2725,13221,00
2726,3051,00
2727,10057,00
2728,6102,00
2729,10283,00
2730,12430,00
2731,18758,00
2732,19775,00
2733,12091,00
2734,17063,00
2735,13028,00
2736,18623,00
2737,21462,00
2738,18984,00
2739,18645,00
2740,17176,00
2741,16344,00
2742,12543,00
2743,19775,00
2744,11752,00
2745,16837,00
2746,19210,00
2747,16586,00
2748,17628,00
2749,19888,00
2750,14464,00
2751,18419,00
2752,15610,00
2753,15368,00
2754,19888,00
2755,12317,00
2756,21244,00
2757,19097,00
2758,14012,00
2759,20227,00
2760,20340,00
2761,20340,00
2762,18871,00
2763,17176,00
2764,19323,00
2765,13334,00
2766,19549,00
2767,20001,00
2768,11865,00
2769,1130,00
2770,14125,00
2771,4972,00
2772,13447,00
2773,12317,00
2774,14577,00
2775,14916,00
2776,5537,00
2777,13447,00
2778,11074,00
2779,9040,00
2780,12769,00
2781,11978,00
2782,20340,00
2783,18419,00
2784,14916,00
2785,13334,00
2786,20227,00
2787,10170,00
2788,20453,00
2789,19662,00
2790,18645,00
2791,18532,00
2792,10848,00
2793,15255,00
2794,17967,00
2795,16498,00
2796,11752,00
2797,15507,00
2798,13447,00
2799,10057,00
2800,14238,00
2801,15707,00
2802,9040,00
2803,15409,00
2804,13899,00
2805,14125,00
2806,18871,00
2807,18645,00
2808,17289,00
2809,17628,00
2810,14238,00
2811,10735,00
2812,13334,00
2813,10735,00
2814,15594,00
2815,19097,00
2816,18306,00
2817,19549,00
2818,19549,00
2819,13221,00
2820,8551,00
2821,12995,00
2822,15255,00
2823,15255,00
2824,11639,00
2825,14238,00
2826,9718,00
2827,12317,00
2828,14012,00
2829,15707,00
2830,12543,00
2831,14125,00
2832,17967,00
2833,19097,00
2834,19097,00
2835,17176,00
2836,17402,00
2837,19436,00
2838,19097,00
2839,18306,00
2840,13560,00
2841,16004,00
2842,17493,00
2843,16159,00
2844,17628,00
2845,9886,00
2846,15255,00
2847,17854,00
2848,17967,00
2849,19323,00
2850,17402,00
2851,19097,00
2852,18871,00
2853,16611,00
2854,18984,00
2855,9492,00
2856,18645,00
2857,14125,00
2858,20227,00
2859,17063,00
2860,22374,00
2861,11639,00
2862,13163,00
2863,13447,00
2864,11074,00
2865,14125,00
2866,5198,00
2867,13334,00
2868,13334,00
2869,1,00
2870,1,00
2871,1,00
2872,1,00
